Bunga Coleus,70,8,216,228,5fec9d8f77862.jpg,340,340
Bunga Coleus,7,151,205,187,5fec9d8f77862.jpg,340,340
Bunga Coleus,226,161,111,173,5fec9d8f77862.jpg,340,340
Bunga Coleus,26,29,153,167,Coleus 1.jpg,225,225
Bunga Coleus,67,441,2897,3469,IMG_3812.jpg,3024,4032
Bunga Coleus,116,114,2702,3746,IMG_3813.jpg,3024,4032
Bunga Coleus,124,1192,2775,2138,IMG_3814.jpg,3024,4032
Bunga Coleus,43,1371,2906,1992,IMG_3815.jpg,3024,4032
Bunga Coleus,133,212,2857,3624,IMG_3816.jpg,3024,4032
Bunga Coleus,231,90,2751,3803,IMG_3817.jpg,3024,4032
Bunga Coleus,59,98,2930,3730,IMG_3818.jpg,3024,4032
Bunga Coleus,92,310,2816,2946,IMG_3819.jpg,3024,4032
Bunga Coleus,116,1037,2881,2538,IMG_3820.jpg,3024,4032
Bunga Coleus,75,620,2269,2718,IMG_3821.jpg,3024,4032
Bunga Coleus,182,1371,2269,2220,IMG_3822.jpg,3024,4032
Bunga Coleus,590,1314,2326,2506,IMG_3823.jpg,3024,4032
Bunga Coleus,639,963,1951,1820,IMG_3824.jpg,3024,4032
Bunga Coleus,271,1175,2563,2579,IMG_3825.jpg,3024,4032
Bunga Coleus,198,294,2800,3346,IMG_3826.jpg,3024,4032
Bunga Coleus,59,677,2522,2995,IMG_3827.jpg,3024,4032
Bunga Coleus,239,865,2424,3020,IMG_3828.jpg,3024,4032
Bunga Coleus,124,237,2685,3599,IMG_3829.jpg,3024,4032
Bunga Coleus,614,204,2342,3754,IMG_3830.jpg,3024,4032
Bunga Coleus,84,139,2897,3730,IMG_3831.jpg,3024,4032
Bunga Coleus,165,139,2824,3714,IMG_3832.jpg,3024,4032
Bunga Coleus,149,188,2669,3657,IMG_3833.jpg,3024,4032
Bunga Coleus,124,1281,2677,2751,IMG_3834.jpg,3024,4032
Bunga Coleus,516,33,2424,1183,IMG_3834.jpg,3024,4032
Bunga Coleus,157,424,2702,3477,IMG_3835.jpg,3024,4032
Bunga Coleus,157,514,2498,3404,IMG_3848.jpg,3024,4032
Bunga Coleus,35,24,2432,1853,IMG_3849.jpg,3024,4032
Bunga Coleus,769,2734,1502,726,IMG_3849.jpg,3024,4032
Bunga Coleus,84,65,1306,1298,IMG_3850.jpg,3024,4032
Bunga Coleus,484,49,1404,1314,IMG_3851.jpg,3024,4032
Bunga Coleus,777,1992,824,726,IMG_3851.jpg,3024,4032
Bunga Coleus,369,1665,596,343,IMG_3851.jpg,3024,4032
Bunga Coleus,1659,1053,645,588,IMG_3851.jpg,3024,4032
Bunga Coleus,108,963,2342,2693,IMG_3852.jpg,3024,4032
Bunga Coleus,67,1828,2906,2130,IMG_3853.jpg,3024,4032
Bunga Coleus,271,416,2718,3330,IMG_3854.jpg,3024,4032
Bunga Coleus,214,196,2571,3420,IMG_3855.jpg,3024,4032
Bunga Coleus,475,98,2522,2506,IMG_3856.jpg,3024,4032
Bunga Coleus,1071,2449,1918,1534,IMG_3856.jpg,3024,4032
Bunga Coleus,271,269,2604,3706,IMG_3857.jpg,3024,4032
Bunga Coleus,639,1086,2318,2881,IMG_3880.jpg,3024,4032
Bunga Coleus,818,73,963,784,IMG_3880.jpg,3024,4032
Bunga Coleus,10,106,2245,2481,IMG_3882.jpg,3024,4032
Bunga Coleus,1112,2506,1428,1461,IMG_3882.jpg,3024,4032
Bunga Coleus,916,604,1902,3428,IMG_3883.jpg,3024,4032
Bunga Coleus,59,2089,1143,1934,IMG_3883.jpg,3024,4032
Bunga Coleus,27,196,1836,3673,IMG_3884.jpg,3024,4032
Bunga Coleus,2475,3461,465,571,IMG_3884.jpg,3024,4032
Bunga Coleus,100,212,2751,3379,IMG_3885.jpg,3024,4032
Bunga Coleus,206,204,2718,3216,IMG_3886.jpg,3024,4032
Bunga Coleus,508,498,2212,2440,IMG_3887.jpg,3024,4032
Bunga Coleus,124,588,1796,1812,IMG_3888.jpg,3024,4032
Bunga Coleus,459,73,2326,2922,IMG_3889.jpg,3024,4032
Bunga Coleus,1365,3126,686,596,IMG_3889.jpg,3024,4032
Bunga Coleus,18,571,424,735,IMG_3889.jpg,3024,4032
Bunga Coleus,59,41,2391,3844,IMG_3890.jpg,3024,4032
Bunga Coleus,198,98,2595,3420,IMG_3891.jpg,3024,4032
Bunga Coleus,198,375,2318,3501,IMG_3892.jpg,3024,4032
Bunga Coleus,165,988,2816,2057,IMG_3893.jpg,3024,4032
Bunga Coleus,5,4,264,161,coleus 10.jpg,275,183
Bunga Coleus,14,27,200,176,coleus 100.jpg,225,225
Bunga Coleus,19,56,185,144,coleus 101.jpg,225,225
Bunga Coleus,44,28,188,142,coleus 102.jpg,276,183
Bunga Coleus,52,5,192,147,coleus 103.jpg,301,167
Bunga Coleus,38,39,169,128,coleus 104.jpg,225,225
Bunga Coleus,10,24,176,154,coleus 105.jpg,225,225
Bunga Coleus,23,15,167,116,coleus 106.jpg,205,246
Bunga Coleus,93,46,195,108,coleus 107.jpg,300,168
Bunga Coleus,174,1,112,38,coleus 107.jpg,300,168
Bunga Coleus,6,10,243,177,coleus 108.jpg,259,194
Bunga Coleus,4,4,185,143,coleus 109.jpg,195,259
Bunga Coleus,76,107,118,148,coleus 109.jpg,195,259
Bunga Coleus,7,5,208,196,coleus 11.jpg,224,224
Bunga Coleus,17,15,172,206,coleus 110.jpg,194,259
Bunga Coleus,4,25,166,224,coleus 111.jpg,180,280
Bunga Coleus,6,9,134,143,coleus 112.jpg,262,192
Bunga Coleus,162,18,100,138,coleus 112.jpg,262,192
Bunga Coleus,197,74,50,48,coleus 113.jpg,275,183
Bunga Coleus,66,50,63,43,coleus 113.jpg,275,183
Bunga Coleus,116,66,75,81,coleus 113.jpg,275,183
Bunga Coleus,21,36,49,45,coleus 114.jpg,259,194
Bunga Coleus,14,92,82,58,coleus 114.jpg,259,194
Bunga Coleus,78,11,36,62,coleus 114.jpg,259,194
Bunga Coleus,104,49,45,64,coleus 114.jpg,259,194
Bunga Coleus,142,6,82,55,coleus 114.jpg,259,194
Bunga Coleus,155,72,104,91,coleus 114.jpg,259,194
Bunga Coleus,4,6,181,242,coleus 115.jpg,194,259
Bunga Coleus,10,17,204,191,coleus 116.jpg,225,225
Bunga Coleus,25,52,193,132,coleus 117.jpg,225,225
Bunga Coleus,10,8,211,210,coleus 118.jpg,225,225
Bunga Coleus,8,11,206,214,coleus 119.jpg,218,231
Bunga Coleus,5,11,282,150,coleus 12.jpg,300,168
Bunga Coleus,9,11,205,206,coleus 120.jpg,225,225
Bunga Coleus,72,8,168,104,coleus 121.jpg,299,168
Bunga Coleus,47,61,152,119,coleus 122.jpg,259,194
Bunga Coleus,109,13,128,78,coleus 122.jpg,259,194
Bunga Coleus,7,34,187,185,coleus 123.jpg,194,259
Bunga Coleus,24,12,168,150,coleus 124.jpg,220,229
Bunga Coleus,25,28,179,164,coleus 125.jpg,225,225
Bunga Coleus,28,19,226,130,coleus 126.jpg,265,190
Bunga Coleus,8,11,210,206,coleus 127.jpg,225,225
Bunga Coleus,6,9,266,163,coleus 128.jpg,276,183
Bunga Coleus,14,8,254,158,coleus 129.jpg,275,183
Bunga Coleus,8,10,211,213,coleus 13.jpg,225,225
Bunga Coleus,93,5,150,54,coleus 130.jpg,310,163
Bunga Coleus,43,81,116,69,coleus 130.jpg,310,163
Bunga Coleus,191,20,119,113,coleus 130.jpg,310,163
Bunga Coleus,11,11,206,209,coleus 131.jpg,225,225
Bunga Coleus,8,11,225,165,coleus 132.jpg,243,207
Bunga Coleus,15,24,250,115,coleus 133.jpg,275,183
Bunga Coleus,26,30,193,88,coleus 134.jpg,275,183
Bunga Coleus,37,42,185,122,coleus 135.jpg,256,197
Bunga Coleus,10,5,257,166,coleus 136.jpg,275,183
Bunga Coleus,10,12,272,159,coleus 137.jpg,286,176
Bunga Coleus,8,9,244,154,coleus 138.jpg,263,192
Bunga Coleus,35,94,137,96,coleus 139.jpg,183,275
Bunga Coleus,38,19,165,97,coleus 14.jpg,225,225
Bunga Coleus,5,7,260,165,coleus 140.jpg,275,183
Bunga Coleus,13,46,189,169,coleus 141.jpg,225,225
Bunga Coleus,5,10,269,163,coleus 142.jpg,275,183
Bunga Coleus,11,37,247,92,coleus 143.jpg,259,194
Bunga Coleus,12,29,225,121,coleus 144.jpg,259,194
Bunga Coleus,2,83,273,88,coleus 146.jpg,275,183
Bunga Coleus,10,58,98,59,coleus 147.jpg,300,168
Bunga Coleus,115,58,31,54,coleus 147.jpg,300,168
Bunga Coleus,149,54,24,47,coleus 147.jpg,300,168
Bunga Coleus,180,49,26,43,coleus 147.jpg,300,168
Bunga Coleus,210,46,18,51,coleus 147.jpg,300,168
Bunga Coleus,234,51,19,41,coleus 147.jpg,300,168
Bunga Coleus,258,48,30,34,coleus 147.jpg,300,168
Bunga Coleus,284,93,16,43,coleus 147.jpg,300,168
Bunga Coleus,17,12,168,200,coleus 148.jpg,225,225
Bunga Coleus,6,8,48,98,coleus 149.jpg,343,147
Bunga Coleus,62,7,61,39,coleus 149.jpg,343,147
Bunga Coleus,82,32,58,94,coleus 149.jpg,343,147
Bunga Coleus,150,46,92,88,coleus 149.jpg,343,147
Bunga Coleus,156,8,92,32,coleus 149.jpg,343,147
Bunga Coleus,248,48,67,76,coleus 149.jpg,343,147
Bunga Coleus,267,3,70,45,coleus 149.jpg,343,147
Bunga Coleus,18,9,199,202,coleus 15.jpg,225,225
Bunga Coleus,6,4,163,150,coleus 150.jpg,275,183
Bunga Coleus,10,7,319,134,coleus 151.jpg,333,151
Bunga Coleus,10,6,171,244,coleus 152.jpg,194,259
Bunga Coleus,12,31,202,142,coleus 153.jpg,225,225
Bunga Coleus,71,7,176,135,coleus 154.jpg,300,168
Bunga Coleus,16,14,205,205,coleus 155.jpg,225,225
Bunga Coleus,18,12,191,202,coleus 156.jpg,225,225
Bunga Coleus,49,8,132,200,coleus 157.jpg,225,225
Bunga Coleus,2,4,210,219,coleus 16.jpg,225,225
Bunga Coleus,10,7,259,163,coleus 17.jpg,275,183
Bunga Coleus,15,10,253,170,coleus 18.jpg,275,183
Bunga Coleus,13,41,171,115,coleus 19.jpg,203,248
Bunga Coleus,17,47,193,148,coleus 2.jpg,224,225
Bunga Coleus,19,10,247,163,coleus 20.jpg,275,183
Bunga Coleus,11,13,204,202,coleus 21.jpg,225,225
Bunga Coleus,34,24,138,170,coleus 22.jpg,225,225
Bunga Coleus,12,12,158,254,coleus 23.jpg,183,275
Bunga Coleus,50,26,182,149,coleus 24.jpg,259,194
Bunga Coleus,8,8,261,163,coleus 25.jpg,275,183
Bunga Coleus,12,6,211,206,coleus 26.jpg,225,225
Bunga Coleus,164,46,99,131,coleus 27.jpg,275,183
Bunga Coleus,10,7,215,152,coleus 28.jpg,225,225
Bunga Coleus,15,16,195,198,coleus 29.jpg,225,225
Bunga Coleus,6,21,185,218,coleus 3.jpg,202,249
Bunga Coleus,7,31,212,186,coleus 30.jpg,225,225
Bunga Coleus,22,12,234,154,coleus 31.jpg,275,183
Bunga Coleus,4,32,54,117,coleus 32.jpg,259,194
Bunga Coleus,63,38,52,139,coleus 32.jpg,259,194
Bunga Coleus,127,74,55,77,coleus 32.jpg,259,194
Bunga Coleus,188,66,59,109,coleus 32.jpg,259,194
Bunga Coleus,12,7,196,201,coleus 33.jpg,225,225
Bunga Coleus,13,16,232,161,coleus 34.jpg,259,194
Bunga Coleus,35,13,153,129,coleus 35.jpg,225,225
Bunga Coleus,13,51,160,158,coleus 36.jpg,200,252
Bunga Coleus,6,8,258,166,coleus 37.jpg,275,183
Bunga Coleus,26,36,234,121,coleus 39.jpg,275,183
Bunga Coleus,8,12,199,191,coleus 4.jpg,225,225
Bunga Coleus,19,18,147,186,coleus 40.jpg,218,232
Bunga Coleus,26,11,230,155,coleus 41.jpg,275,183
Bunga Coleus,73,8,96,61,coleus 42.jpg,242,208
Bunga Coleus,15,48,219,142,coleus 42.jpg,242,208
Bunga Coleus,19,18,190,194,coleus 43.jpg,225,225
Bunga Coleus,20,57,162,167,coleus 44.jpg,194,259
Bunga Coleus,36,20,165,180,coleus 45.jpg,225,225
Bunga Coleus,43,27,143,111,coleus 46.jpg,265,190
Bunga Coleus,223,76,41,77,coleus 46.jpg,265,190
Bunga Coleus,2,97,112,88,coleus 47.jpg,265,190
Bunga Coleus,112,46,130,93,coleus 47.jpg,265,190
Bunga Coleus,40,42,210,127,coleus 48.jpg,275,183
Bunga Coleus,67,40,83,70,coleus 49.jpg,225,225
Bunga Coleus,46,133,92,67,coleus 49.jpg,225,225
Bunga Coleus,8,6,52,53,coleus 49.jpg,225,225
Bunga Coleus,30,56,190,102,coleus 5.jpg,236,213
Bunga Coleus,3,3,294,154,coleus 50.jpg,300,168
Bunga Coleus,10,18,290,127,coleus 51.jpg,300,168
Bunga Coleus,4,10,253,73,coleus 53.jpg,279,181
Bunga Coleus,192,104,75,60,coleus 53.jpg,279,181
Bunga Coleus,99,97,84,71,coleus 53.jpg,279,181
Bunga Coleus,9,102,83,69,coleus 53.jpg,279,181
Bunga Coleus,13,5,224,166,coleus 54.jpg,263,192
Bunga Coleus,9,10,205,147,coleus 55.jpg,225,225
Bunga Coleus,8,11,210,207,coleus 56.jpg,225,225
Bunga Coleus,138,26,87,103,coleus 57.jpg,225,225
Bunga Coleus,132,114,93,105,coleus 57.jpg,225,225
Bunga Coleus,60,124,66,77,coleus 57.jpg,225,225
Bunga Coleus,5,120,56,80,coleus 57.jpg,225,225
Bunga Coleus,5,16,250,149,coleus 58.jpg,265,190
Bunga Coleus,5,5,253,181,coleus 59.jpg,259,194
Bunga Coleus,15,22,197,139,coleus 6.jpg,225,225
Bunga Coleus,54,36,141,143,coleus 60.jpg,225,225
Bunga Coleus,9,6,259,168,coleus 61.jpg,275,183
Bunga Coleus,49,23,165,140,coleus 62.jpg,254,198
Bunga Coleus,3,4,251,182,coleus 63.jpg,259,194
Bunga Coleus,12,17,206,189,coleus 64.jpg,225,225
Bunga Coleus,26,38,221,123,coleus 65.jpg,276,183
Bunga Coleus,3,85,212,135,coleus 66.jpg,224,224
Bunga Coleus,17,26,165,217,coleus 67.jpg,194,259
Bunga Coleus,20,18,227,157,coleus 68.jpg,259,194
Bunga Coleus,29,42,178,87,coleus 7.jpg,225,225
Bunga Coleus,5,8,183,171,coleus 70.jpg,205,246
Bunga Coleus,10,4,139,206,coleus 71.jpg,225,225
Bunga Coleus,155,17,53,124,coleus 71.jpg,225,225
Bunga Coleus,9,10,197,189,coleus 72.jpg,225,225
Bunga Coleus,6,56,175,159,coleus 73.jpg,183,275
Bunga Coleus,77,17,169,129,coleus 74.jpg,301,167
Bunga Coleus,30,15,173,148,coleus 75.jpg,225,225
Bunga Coleus,32,20,189,159,coleus 76.jpg,225,225
Bunga Coleus,45,40,133,158,coleus 77.jpg,243,207
Bunga Coleus,14,5,259,150,coleus 78.jpg,284,177
Bunga Coleus,15,12,202,194,coleus 79.jpg,225,225
Bunga Coleus,36,47,159,155,coleus 8.jpg,225,225
Bunga Coleus,17,20,171,193,coleus 80.jpg,225,225
Bunga Coleus,48,43,102,105,coleus 81.jpg,194,259
Bunga Coleus,4,8,262,163,coleus 82.jpg,275,183
Bunga Coleus,4,32,169,223,coleus 83.jpg,183,275
Bunga Coleus,13,10,191,198,coleus 84.jpg,225,225
Bunga Coleus,32,26,233,135,coleus 85.jpg,276,183
Bunga Coleus,3,10,290,144,coleus 86.jpg,301,167
Bunga Coleus,8,15,166,254,coleus 87.jpg,183,275
Bunga Coleus,10,46,62,74,coleus 89.jpg,275,183
Bunga Coleus,173,18,52,51,coleus 89.jpg,275,183
Bunga Coleus,24,41,175,176,coleus 9.jpg,225,225
Bunga Coleus,109,86,102,89,coleus 90.jpg,225,225
Bunga Coleus,23,53,149,132,coleus 91.jpg,194,259
Bunga Coleus,58,47,168,71,coleus 92.jpg,275,183
Bunga Coleus,36,20,168,92,coleus 93.jpg,225,225
Bunga Coleus,30,7,197,173,coleus 94.jpg,252,200
Bunga Coleus,15,11,187,210,coleus 95.jpg,214,235
Bunga Coleus,28,22,163,182,coleus 96.jpg,225,225
Bunga Coleus,23,13,218,143,coleus 97.jpg,265,190
Bunga Coleus,12,31,213,119,coleus 98.jpg,225,225
Bunga Coleus,31,21,202,139,coleus 99.jpg,260,194
Bunga Coleus,18,15,157,229,images (4).jpg,194,259